{"cameraMode":{"drawMode":0,"name":"Shaded","section":"Shading Mode"},"sceneLighting":true,"audioPlay":false,"sceneViewState":{"m_AlwaysRefresh":false,"showFog":true,"showSkybox":true,"showFlares":true,"showImageEffects":true,"showParticleSystems":true,"showVisualEffectGraphs":true,"m_FxEnabled":true},"in2DMode":false,"pivot":{"x":4.53000020980835,"y":5.4565839767456059,"z":-0.8786163330078125},"rotation":{"x":-0.033863525837659839,"y":0.9152490496635437,"z":-0.07873041927814484,"w":-0.39366644620895388},"size":0.9013349413871765,"orthographic":false}